{"_wandb":{"runtime":45},"_runtime":45.788213827,"_step":2,"train/step":2,"train/learning_rate":0.00013799999999999997,"eval/epoch":0,"train/loss":10.921185493469238,"eval/perplexity":56623.6171875,"train/epoch":0,"eval/eval_loss":10.944181380733367,"_timestamp":1.7591782697739396e+09,"eval/learning_rate":0.00013799999999999997}