{"eval/epoch":2,"train/epoch_avg_loss":1.5128839820623399,"train/epoch":1,"_wandb":{"runtime":341},"train/step":10,"eval/loss":2.27427396774292,"_runtime":341.396485825,"eval/eval_loss":0.11354838013648987,"_timestamp":1.7582040763083231e+09,"train/loss":0.17496638000011444,"_step":3}