{"_step":1,"eval/eval_loss":4.512409274860964,"eval/perplexity":91.14112854003906,"eval/epoch":1,"_wandb":{"runtime":9},"_runtime":9.700711084,"_timestamp":1.7591444266130035e+09}