{"train/loss": 7.438012599945068, "train/epoch_avg_loss": 7.87714376449585, "train/epoch": 0, "train/step": 10, "timestamp": 1758203013.6367126, "step": 0}
{"eval/eval_loss": 4.476360225677491, "eval/epoch": 0, "timestamp": 1758203013.9239573, "step": 1}
{"train/loss": 3.098223924636841, "train/epoch_avg_loss": 3.3928922414779663, "train/epoch": 1, "train/step": 20, "eval/loss": 4.476360225677491, "timestamp": 1758203080.0878425, "step": 2}
{"eval/eval_loss": 1.4000608623027802, "eval/epoch": 1, "timestamp": 1758203080.3497252, "step": 3}
{"eval/eval_loss": 2.27427396774292, "eval/epoch": 0, "timestamp": 1758203296.6939561, "step": 0}
{"train/loss": 0.17496638000011444, "train/epoch_avg_loss": 1.5128839820623399, "train/epoch": 1, "train/step": 10, "eval/loss": 2.27427396774292, "timestamp": 1758203385.7937162, "step": 1}
{"eval/eval_loss": 0.5582865163683891, "eval/epoch": 1, "timestamp": 1758203385.9403296, "step": 2}
{"eval/eval_loss": 0.11354838013648987, "eval/epoch": 2, "timestamp": 1758203566.859552, "step": 3}
{"eval/eval_loss": 2.27427396774292, "eval/epoch": 0, "timestamp": 1758203832.855955, "step": 0}
{"train/loss": 0.17496638000011444, "train/epoch_avg_loss": 1.5128839820623399, "train/epoch": 1, "train/step": 10, "eval/loss": 2.27427396774292, "timestamp": 1758203946.2879953, "step": 1}
{"eval/eval_loss": 0.5582865163683891, "eval/epoch": 1, "timestamp": 1758203946.4313855, "step": 2}
{"eval/eval_loss": 0.11354838013648987, "eval/epoch": 2, "timestamp": 1758204076.308106, "step": 3}
{"eval/eval_loss": 2.27427396774292, "eval/epoch": 0, "timestamp": 1758569157.8165524, "step": 0}
{"train/loss": 0.17496638000011444, "train/epoch_avg_loss": 1.5128839820623399, "train/epoch": 1, "train/step": 10, "eval/loss": 2.27427396774292, "timestamp": 1758569193.2745674, "step": 1}
{"eval/eval_loss": 0.5582865163683891, "eval/epoch": 1, "timestamp": 1758569193.414051, "step": 2}
{"eval/eval_loss": 0.11354838013648987, "eval/epoch": 2, "timestamp": 1758569227.3171687, "step": 3}
{"eval/eval_loss": 2.27427396774292, "eval/epoch": 0, "timestamp": 1758569783.789176, "step": 0}
{"train/loss": 0.17496638000011444, "train/epoch_avg_loss": 1.5128839820623399, "train/epoch": 1, "train/step": 10, "eval/loss": 2.27427396774292, "timestamp": 1758569812.1602933, "step": 1}
{"eval/eval_loss": 0.5582865163683891, "eval/epoch": 1, "timestamp": 1758569812.2451556, "step": 2}
{"eval/eval_loss": 0.11354838013648987, "eval/epoch": 2, "timestamp": 1758569843.1442425, "step": 3}
{"eval/eval_loss": 2.27427396774292, "eval/epoch": 0, "timestamp": 1758579924.9137244, "step": 0}
{"train/loss": 0.17496638000011444, "train/epoch_avg_loss": 1.5128839820623399, "train/epoch": 1, "train/step": 10, "eval/loss": 2.27427396774292, "timestamp": 1758579952.2082562, "step": 1}
{"eval/eval_loss": 0.5582865163683891, "eval/epoch": 1, "timestamp": 1758579952.2816513, "step": 2}
{"eval/eval_loss": 0.11354838013648987, "eval/epoch": 2, "timestamp": 1758579977.318639, "step": 3}
{"model/total_parameters": 162954240, "model/trainable_parameters": 162954240, "model/model_config": "gpt2-small", "timestamp": 1758581841.031678, "step": 0}
{"model/total_parameters": 162954240, "model/trainable_parameters": 162954240, "model/model_config": "gpt2-small", "timestamp": 1758581894.1593285, "step": 0}
{"model/total_parameters": 162954240, "model/trainable_parameters": 162954240, "model/model_config": "gpt2-small", "timestamp": 1758581997.3067756, "step": 0}
{"model/total_parameters": 162954240, "model/trainable_parameters": 162954240, "model/model_config": "gpt2-small", "timestamp": 1758582032.924307, "step": 0}
{"eval/eval_loss": 2.27427396774292, "eval/epoch": 0, "timestamp": 1758582073.3039505, "step": 0}
{"train/loss": 0.17496638000011444, "train/epoch_avg_loss": 1.5128839820623399, "train/epoch": 1, "train/step": 10, "eval/loss": 2.27427396774292, "timestamp": 1758582104.9164362, "step": 1}
{"eval/eval_loss": 0.5582865163683891, "eval/epoch": 1, "timestamp": 1758582104.9785552, "step": 2}
{"eval/eval_loss": 2.27427396774292, "eval/epoch": 0, "timestamp": 1758582198.850617, "step": 0}
{"train/loss": 0.17496638000011444, "train/epoch_avg_loss": 1.5128839820623399, "train/epoch": 1, "train/step": 10, "eval/loss": 2.27427396774292, "timestamp": 1758582236.113092, "step": 1}
{"eval/eval_loss": 0.5582865163683891, "eval/epoch": 1, "timestamp": 1758582236.187397, "step": 2}
{"eval/eval_loss": 2.27427396774292, "eval/epoch": 0, "timestamp": 1758582286.0340633, "step": 0}
{"eval/eval_loss": 2.274226701259613, "eval/epoch": 0, "timestamp": 1758584836.5155985, "step": 0}
{"train/loss": 0.17488224804401398, "train/epoch_avg_loss": 1.5128662198781968, "train/epoch": 1, "train/step": 10, "eval/loss": 2.274226701259613, "timestamp": 1758584864.5165544, "step": 1}
{"eval/eval_loss": 0.5583873301744461, "eval/epoch": 1, "timestamp": 1758584864.6524456, "step": 2}
{"eval/eval_loss": 0.11349768210202456, "eval/epoch": 2, "timestamp": 1758584890.4478078, "step": 3}
{"eval/eval_loss": 2.274226701259613, "eval/epoch": 0, "timestamp": 1758584982.741787, "step": 0}
{"train/loss": 0.17488224804401398, "train/epoch_avg_loss": 1.5128662198781968, "train/epoch": 1, "train/step": 10, "eval/loss": 2.274226701259613, "timestamp": 1758585007.3736103, "step": 1}
{"eval/eval_loss": 0.5583873301744461, "eval/epoch": 1, "timestamp": 1758585007.5091484, "step": 2}
{"eval/eval_loss": 3.804953873157501, "eval/epoch": 0, "timestamp": 1758585046.314413, "step": 0}
{"eval/eval_loss": 1.2216980159282684, "eval/epoch": 1, "timestamp": 1758585070.3907232, "step": 1}
{"train/loss": 1.3282012939453125, "train/epoch_avg_loss": 1.9556992053985596, "train/epoch": 2, "train/step": 10, "eval/loss": 1.2216980159282684, "timestamp": 1758585101.072677, "step": 2}
{"eval/eval_loss": 0.8253075480461121, "eval/epoch": 2, "timestamp": 1758585101.6625588, "step": 3}
{"eval/eval_loss": 3.8050566911697388, "eval/epoch": 0, "timestamp": 1758585410.5005157, "step": 0}
{"eval/eval_loss": 1.2211363762617111, "eval/epoch": 1, "timestamp": 1758585440.957238, "step": 1}
{"train/loss": 1.3282012939453125, "train/epoch_avg_loss": 1.9553253650665283, "train/epoch": 2, "train/step": 10, "eval/loss": 1.2211363762617111, "timestamp": 1758585479.1785612, "step": 2}
{"eval/eval_loss": 0.8243060186505318, "eval/epoch": 2, "timestamp": 1758585479.7908018, "step": 3}
