{"eval/loss":1.2216980159282684,"train/loss":1.3282012939453125,"eval/epoch":2,"train/epoch_avg_loss":1.9556992053985596,"train/epoch":2,"eval/eval_loss":0.8253075480461121,"_wandb":{"runtime":89},"_step":3,"train/step":10,"_runtime":89.26203951,"_timestamp":1.7585851016626532e+09}