{"_runtime":188.467699912,"train/epoch_avg_loss":6.898481845855713,"_timestamp":1.7591005232358882e+09,"_step":5,"eval/epoch":2,"eval/eval_loss":6.2527076102591845,"eval/perplexity":519.417236328125,"train/epoch":2,"_wandb":{"runtime":188},"model/param_count":162954240,"eval/loss":7.65937102242802,"train/perplexity":990.7694091796875,"train/grad_norm":5.360148906707764,"train/loss":8.270651817321777,"train/step":15}