{"_step":0,"_wandb":{"runtime":20},"_runtime":20.759363478,"eval/eval_loss":8.999171401515152,"eval/perplexity":8096.37109375,"eval/epoch":0,"_timestamp":1.759148773700185e+09}