{"_wandb":{"runtime":22},"_runtime":22.755541258,"eval/perplexity":119.55343627929688,"eval/epoch":0,"eval/learning_rate":2.9999999999999997e-05,"_timestamp":1.7591575264725518e+09,"_step":2,"eval/eval_loss":4.783763567606608}