{"_runtime":67.051960432,"eval/loss":2.27427396774292,"_timestamp":1.7585822361874888e+09,"train/loss":0.17496638000011444,"eval/eval_loss":0.5582865163683891,"_step":2,"train/epoch_avg_loss":1.5128839820623399,"train/epoch":1,"eval/epoch":1,"train/step":10,"_wandb":{"runtime":67}}