{"train/loss":0.17488224804401398,"train/epoch_avg_loss":1.5128662198781968,"train/step":10,"eval/eval_loss":0.5583873301744461,"eval/epoch":1,"_runtime":41.23830747,"_wandb":{"runtime":41},"_step":2,"_timestamp":1.7585850075092964e+09,"train/epoch":1,"eval/loss":2.274226701259613}