{"train/loss":0.17496638000011444,"train/step":10,"_wandb":{"runtime":81},"eval/epoch":2,"_timestamp":1.7585799773187366e+09,"eval/eval_loss":0.11354838013648987,"train/epoch_avg_loss":1.5128839820623399,"eval/loss":2.27427396774292,"train/epoch":1,"_runtime":81.386783183,"_step":3}