{"eval/eval_loss":0.942287540435791,"eval/perplexity":2.5658442974090576,"_wandb":{"runtime":119},"train/epoch_avg_loss":1.9556992053985596,"eval/epoch":2,"_timestamp":1.7591008183353612e+09,"train/loss":1.3282012939453125,"train/epoch":2,"_runtime":119.275375862,"train/step":10,"eval/loss":1.2705384767972505,"_step":3}