{"_wandb":{"runtime":42},"_runtime":42.875996758,"_step":10,"eval/eval_loss":0.06845753987630208,"eval/perplexity":1.0708551406860352,"eval/learning_rate":0.00030000000000000003,"_timestamp":1.763377317129775e+09}