{"_timestamp":1.7585822860342653e+09,"_step":0,"eval/eval_loss":2.27427396774292,"_wandb":{"runtime":11},"_runtime":11.062922798,"eval/epoch":0}