{"eval/epoch":0,"_timestamp":1.7591805435542333e+09,"_wandb":{"runtime":28},"_runtime":28.854566141,"_step":2,"eval/eval_loss":4.534828344980876,"eval/perplexity":93.2074966430664,"eval/learning_rate":2.9999999999999997e-05}