{"_runtime":4.8379853520000005,"_step":0,"model/total_parameters":162954240,"model/trainable_parameters":162954240,"model/model_config":"gpt2-small","_timestamp":1.7585819973070283e+09,"_wandb":{"runtime":4}}