{"_wandb":{"runtime":49},"_step":2,"eval/loss":2.27427396774292,"eval/epoch":1,"train/step":10,"_runtime":49.184655793,"train/loss":0.17496638000011444,"eval/eval_loss":0.5582865163683891,"_timestamp":1.7585821049786701e+09,"train/epoch":1,"train/epoch_avg_loss":1.5128839820623399}