{"eval/eval_loss":0.8243060186505318,"train/epoch_avg_loss":1.9553253650665283,"eval/loss":1.2211363762617111,"_runtime":211.729590607,"eval/epoch":2,"train/loss":1.3282012939453125,"train/step":10,"train/epoch":2,"_step":3,"_timestamp":1.7585854797909536e+09,"_wandb":{"runtime":211}}