{"_runtime":23.853105668,"eval/eval_loss":4.18476032760908,"eval/perplexity":65.67774200439453,"eval/epoch":1,"_timestamp":1.7591445485722942e+09,"_step":1,"_wandb":{"runtime":23}}