{"train/step":10,"eval/epoch":2,"train/epoch_avg_loss":1.5128839820623399,"_runtime":94.524814703,"_timestamp":1.7585698431443753e+09,"eval/loss":2.27427396774292,"_wandb":{"runtime":94},"train/epoch":1,"_step":3,"train/loss":0.17496638000011444,"eval/eval_loss":0.11354838013648987}