{"_step":3,"_wandb":{"runtime":85},"train/step":10,"eval/eval_loss":0.11349768210202456,"eval/epoch":2,"_runtime":85.430792887,"_timestamp":1.7585848904479077e+09,"train/epoch_avg_loss":1.5128662198781968,"train/loss":0.17488224804401398,"train/epoch":1,"eval/loss":2.274226701259613}