{"_runtime":64.834085858,"_step":2,"eval/eval_loss":5.2417341868082685,"eval/perplexity":188.99754333496094,"eval/learning_rate":2.9999999999999997e-05,"eval/epoch":0,"_timestamp":1.7591688845261059e+09,"_wandb":{"runtime":64}}