{"train/epoch":1,"eval/epoch":2,"train/loss":0.17496638000011444,"train/step":10,"eval/eval_loss":0.11354838013648987,"train/epoch_avg_loss":1.5128839820623399,"_wandb":{"runtime":124},"_runtime":124.323873578,"_timestamp":1.7585692273173974e+09,"eval/loss":2.27427396774292,"_step":3}