{"train/step":10,"_wandb":{"runtime":377},"_runtime":377.854960093,"train/epoch_avg_loss":1.5128839820623399,"eval/eval_loss":0.11354838013648987,"eval/epoch":2,"eval/loss":2.27427396774292,"_timestamp":1.7582035668597836e+09,"train/loss":0.17496638000011444,"_step":3,"train/epoch":1}