{"eval/perplexity":2.565145492553711,"train/step":10,"train/epoch":2,"_step":3,"_runtime":388.578251228,"train/epoch_avg_loss":1.9556346535682678,"eval/loss":1.2705709017240083,"train/loss":1.3282026052474976,"eval/eval_loss":0.9420152187347413,"eval/epoch":2,"_wandb":{"runtime":388},"_timestamp":1.75913937982181e+09}