{"_wandb":{"runtime":181},"eval/epoch":1,"eval/eval_loss":1.4000608623027802,"train/epoch":1,"train/step":20,"train/epoch_avg_loss":3.3928922414779663,"train/loss":3.098223924636841,"_step":3,"_timestamp":1.7582030803499405e+09,"_runtime":181.996347763,"eval/loss":4.476360225677491}